scenario,variant,family,policy,oracle,n,metric,mean,ci95
replay-azure-conv,base,routing,random,false,20,J,41.928502,1.5309021
replay-azure-conv,base,routing,random,false,20,violation_rate,0.47598616,0.0063360358
replay-azure-conv,base,routing,random,false,20,goodput,2.1033333,0.025432144
replay-azure-conv,base,routing,random,false,20,ttft_p95,73.468727,2.9860443
replay-azure-conv,base,routing,random,false,20,ttft_p99,87.126953,3.8108793
replay-azure-conv,base,routing,random,false,20,tpot_p95,0.18142079,0.0038204278
replay-azure-conv,base,routing,random,false,20,e2e_p95,108.28963,2.8215373
replay-azure-conv,base,routing,random,false,20,gpu_hours,0.2,1.3327468e-17
replay-azure-conv,base,routing,random,false,20,utilization,0.90930944,0.0012276369
replay-azure-conv,base,routing,random,false,20,kv_occupancy,0.17478225,0.0010737509
replay-azure-conv,base,routing,random,false,20,rejected_rate,0,0
replay-azure-conv,base,routing,random,false,20,failed_rate,0,0
replay-azure-conv,base,routing,random,false,20,timed_out_rate,0,0
replay-azure-conv,base,routing,random,false,20,unfinished_rate,0.11408304,0.0064702672
replay-azure-conv,base,routing,random,false,20,retries,0,0
replay-azure-conv,base,routing,random,false,20,preemptions,77.7,5.3017236
replay-azure-conv,base,routing,random,false,20,scale_actions,0,0
replay-azure-conv,base,routing,random,false,20,router_q_p95,0,0
replay-azure-conv,base,routing,random,false,20,replica_q_p95,72.782107,2.9987914
replay-azure-conv,base,routing,round_robin,false,20,J,40.230158,0
replay-azure-conv,base,routing,round_robin,false,20,violation_rate,0.47612457,5.3309873e-17
replay-azure-conv,base,routing,round_robin,false,20,goodput,2.1027778,4.2647898e-16
replay-azure-conv,base,routing,round_robin,false,20,ttft_p95,70.188846,0
replay-azure-conv,base,routing,round_robin,false,20,ttft_p99,81.10218,6.8236638e-15
replay-azure-conv,base,routing,round_robin,false,20,tpot_p95,0.17551122,0
replay-azure-conv,base,routing,round_robin,false,20,e2e_p95,104.57068,0
replay-azure-conv,base,routing,round_robin,false,20,gpu_hours,0.2,1.3327468e-17
replay-azure-conv,base,routing,round_robin,false,20,utilization,0.9113412,1.0661975e-16
replay-azure-conv,base,routing,round_robin,false,20,kv_occupancy,0.17585522,3.9982405e-17
replay-azure-conv,base,routing,round_robin,false,20,rejected_rate,0,0
replay-azure-conv,base,routing,round_robin,false,20,failed_rate,0,0
replay-azure-conv,base,routing,round_robin,false,20,timed_out_rate,0,0
replay-azure-conv,base,routing,round_robin,false,20,unfinished_rate,0.10519031,1.3327468e-17
replay-azure-conv,base,routing,round_robin,false,20,retries,0,0
replay-azure-conv,base,routing,round_robin,false,20,preemptions,97,0
replay-azure-conv,base,routing,round_robin,false,20,scale_actions,0,0
replay-azure-conv,base,routing,round_robin,false,20,router_q_p95,0,0
replay-azure-conv,base,routing,round_robin,false,20,replica_q_p95,69.313528,0
replay-azure-conv,base,routing,least_outstanding,false,20,J,3.4182767,2.1323949e-16
replay-azure-conv,base,routing,least_outstanding,false,20,violation_rate,0.11418685,0
replay-azure-conv,base,routing,least_outstanding,false,20,goodput,3.5555556,4.2647898e-16
replay-azure-conv,base,routing,least_outstanding,false,20,ttft_p95,1.3970518,2.1323949e-16
replay-azure-conv,base,routing,least_outstanding,false,20,ttft_p99,2.5106119,0
replay-azure-conv,base,routing,least_outstanding,false,20,tpot_p95,0.11488165,6.6637341e-18
replay-azure-conv,base,routing,least_outstanding,false,20,e2e_p95,42.617385,1.0235496e-14
replay-azure-conv,base,routing,least_outstanding,false,20,gpu_hours,0.2,1.3327468e-17
replay-azure-conv,base,routing,least_outstanding,false,20,utilization,0.86446822,5.3309873e-17
replay-azure-conv,base,routing,least_outstanding,false,20,kv_occupancy,0.13937075,0
replay-azure-conv,base,routing,least_outstanding,false,20,rejected_rate,0,0
replay-azure-conv,base,routing,least_outstanding,false,20,failed_rate,0,0
replay-azure-conv,base,routing,least_outstanding,false,20,timed_out_rate,0,0
replay-azure-conv,base,routing,least_outstanding,false,20,unfinished_rate,0,0
replay-azure-conv,base,routing,least_outstanding,false,20,retries,0,0
replay-azure-conv,base,routing,least_outstanding,false,20,preemptions,0,0
replay-azure-conv,base,routing,least_outstanding,false,20,scale_actions,0,0
replay-azure-conv,base,routing,least_outstanding,false,20,router_q_p95,0,0
replay-azure-conv,base,routing,least_outstanding,false,20,replica_q_p95,0.56116254,5.3309873e-17
replay-azure-conv,base,routing,power_of_two,false,20,J,3.5235887,0.070856771
replay-azure-conv,base,routing,power_of_two,false,20,violation_rate,0.12688581,0.0031895118
replay-azure-conv,base,routing,power_of_two,false,20,goodput,3.5045833,0.012802346
replay-azure-conv,base,routing,power_of_two,false,20,ttft_p95,1.3497688,0.068024435
replay-azure-conv,base,routing,power_of_two,false,20,ttft_p99,2.3670347,0.16382715
replay-azure-conv,base,routing,power_of_two,false,20,tpot_p95,0.12142753,0.0031770371
replay-azure-conv,base,routing,power_of_two,false,20,e2e_p95,42.1189,0.45664149
replay-azure-conv,base,routing,power_of_two,false,20,gpu_hours,0.2,1.3327468e-17
replay-azure-conv,base,routing,power_of_two,false,20,utilization,0.86608823,0.001019989
replay-azure-conv,base,routing,power_of_two,false,20,kv_occupancy,0.14002902,0.00043302427
replay-azure-conv,base,routing,power_of_two,false,20,rejected_rate,0,0
replay-azure-conv,base,routing,power_of_two,false,20,failed_rate,0,0
replay-azure-conv,base,routing,power_of_two,false,20,timed_out_rate,0,0
replay-azure-conv,base,routing,power_of_two,false,20,unfinished_rate,0,0
replay-azure-conv,base,routing,power_of_two,false,20,retries,0,0
replay-azure-conv,base,routing,power_of_two,false,20,preemptions,0.3,0.30746051
replay-azure-conv,base,routing,power_of_two,false,20,scale_actions,0,0
replay-azure-conv,base,routing,power_of_two,false,20,router_q_p95,0,0
replay-azure-conv,base,routing,power_of_two,false,20,replica_q_p95,0.55045625,0.037400628
replay-azure-conv,base,routing,latency_aware,false,20,J,2.7407866,6.3971848e-16
replay-azure-conv,base,routing,latency_aware,false,20,violation_rate,0.040138408,0
replay-azure-conv,base,routing,latency_aware,false,20,goodput,3.8527778,1.0661975e-15
replay-azure-conv,base,routing,latency_aware,false,20,ttft_p95,1.2253517,0
replay-azure-conv,base,routing,latency_aware,false,20,ttft_p99,1.7765881,1.0661975e-16
replay-azure-conv,base,routing,latency_aware,false,20,tpot_p95,0.092741874,1.9991202e-17
replay-azure-conv,base,routing,latency_aware,false,20,e2e_p95,33.850487,0
replay-azure-conv,base,routing,latency_aware,false,20,gpu_hours,0.2,1.3327468e-17
replay-azure-conv,base,routing,latency_aware,false,20,utilization,0.86184609,1.5992962e-16
replay-azure-conv,base,routing,latency_aware,false,20,kv_occupancy,0.13055864,1.3327468e-17
replay-azure-conv,base,routing,latency_aware,false,20,rejected_rate,0,0
replay-azure-conv,base,routing,latency_aware,false,20,failed_rate,0,0
replay-azure-conv,base,routing,latency_aware,false,20,timed_out_rate,0,0
replay-azure-conv,base,routing,latency_aware,false,20,unfinished_rate,0,0
replay-azure-conv,base,routing,latency_aware,false,20,retries,0,0
replay-azure-conv,base,routing,latency_aware,false,20,preemptions,0,0
replay-azure-conv,base,routing,latency_aware,false,20,scale_actions,0,0
replay-azure-conv,base,routing,latency_aware,false,20,router_q_p95,0,0
replay-azure-conv,base,routing,latency_aware,false,20,replica_q_p95,0.52228545,5.3309873e-17
replay-azure-conv,base,routing,queue_aware,false,20,J,2.7412062,4.2647898e-16
replay-azure-conv,base,routing,queue_aware,false,20,violation_rate,0.033217993,0
replay-azure-conv,base,routing,queue_aware,false,20,goodput,3.8805556,0
replay-azure-conv,base,routing,queue_aware,false,20,ttft_p95,1.5205555,0
replay-azure-conv,base,routing,queue_aware,false,20,ttft_p99,2.3240127,2.1323949e-16
replay-azure-conv,base,routing,queue_aware,false,20,tpot_p95,0.081483844,6.6637341e-18
replay-azure-conv,base,routing,queue_aware,false,20,e2e_p95,28.686014,8.5295797e-15
replay-azure-conv,base,routing,queue_aware,false,20,gpu_hours,0.2,1.3327468e-17
replay-azure-conv,base,routing,queue_aware,false,20,utilization,0.85889758,1.5992962e-16
replay-azure-conv,base,routing,queue_aware,false,20,kv_occupancy,0.12926605,1.3327468e-17
replay-azure-conv,base,routing,queue_aware,false,20,rejected_rate,0,0
replay-azure-conv,base,routing,queue_aware,false,20,failed_rate,0,0
replay-azure-conv,base,routing,queue_aware,false,20,timed_out_rate,0,0
replay-azure-conv,base,routing,queue_aware,false,20,unfinished_rate,0,0
replay-azure-conv,base,routing,queue_aware,false,20,retries,0,0
replay-azure-conv,base,routing,queue_aware,false,20,preemptions,0,0
replay-azure-conv,base,routing,queue_aware,false,20,scale_actions,0,0
replay-azure-conv,base,routing,queue_aware,false,20,router_q_p95,0,0
replay-azure-conv,base,routing,queue_aware,false,20,replica_q_p95,0.78534435,1.0661975e-16
replay-azure-conv,base,routing,queue_aware_corrected,false,20,J,2.4766741,2.1323949e-16
replay-azure-conv,base,routing,queue_aware_corrected,false,20,violation_rate,0.017301038,0
replay-azure-conv,base,routing,queue_aware_corrected,false,20,goodput,3.9444444,4.2647898e-16
replay-azure-conv,base,routing,queue_aware_corrected,false,20,ttft_p95,1.0352075,1.0661975e-16
replay-azure-conv,base,routing,queue_aware_corrected,false,20,ttft_p99,1.8067521,2.1323949e-16
replay-azure-conv,base,routing,queue_aware_corrected,false,20,tpot_p95,0.087256521,6.6637341e-18
replay-azure-conv,base,routing,queue_aware_corrected,false,20,e2e_p95,31.16661,6.8236638e-15
replay-azure-conv,base,routing,queue_aware_corrected,false,20,gpu_hours,0.2,1.3327468e-17
replay-azure-conv,base,routing,queue_aware_corrected,false,20,utilization,0.86528371,0
replay-azure-conv,base,routing,queue_aware_corrected,false,20,kv_occupancy,0.12912688,0
replay-azure-conv,base,routing,queue_aware_corrected,false,20,rejected_rate,0,0
replay-azure-conv,base,routing,queue_aware_corrected,false,20,failed_rate,0,0
replay-azure-conv,base,routing,queue_aware_corrected,false,20,timed_out_rate,0,0
replay-azure-conv,base,routing,queue_aware_corrected,false,20,unfinished_rate,0,0
replay-azure-conv,base,routing,queue_aware_corrected,false,20,retries,0,0
replay-azure-conv,base,routing,queue_aware_corrected,false,20,preemptions,0,0
replay-azure-conv,base,routing,queue_aware_corrected,false,20,scale_actions,0,0
replay-azure-conv,base,routing,queue_aware_corrected,false,20,router_q_p95,0,0
replay-azure-conv,base,routing,queue_aware_corrected,false,20,replica_q_p95,0.44296094,0
replay-azure-conv,base,routing,capacity_weighted,false,20,J,2.9120293,6.3971848e-16
replay-azure-conv,base,routing,capacity_weighted,false,20,violation_rate,0.065743945,1.3327468e-17
replay-azure-conv,base,routing,capacity_weighted,false,20,goodput,3.75,0
replay-azure-conv,base,routing,capacity_weighted,false,20,ttft_p95,1.0924462,1.0661975e-16
replay-azure-conv,base,routing,capacity_weighted,false,20,ttft_p99,1.7238785,3.1985924e-16
replay-azure-conv,base,routing,capacity_weighted,false,20,tpot_p95,0.10370865,6.6637341e-18
replay-azure-conv,base,routing,capacity_weighted,false,20,e2e_p95,38.384271,3.4118319e-15
replay-azure-conv,base,routing,capacity_weighted,false,20,gpu_hours,0.2,1.3327468e-17
replay-azure-conv,base,routing,capacity_weighted,false,20,utilization,0.86371642,1.0661975e-16
replay-azure-conv,base,routing,capacity_weighted,false,20,kv_occupancy,0.13524553,0
replay-azure-conv,base,routing,capacity_weighted,false,20,rejected_rate,0,0
replay-azure-conv,base,routing,capacity_weighted,false,20,failed_rate,0,0
replay-azure-conv,base,routing,capacity_weighted,false,20,timed_out_rate,0,0
replay-azure-conv,base,routing,capacity_weighted,false,20,unfinished_rate,0,0
replay-azure-conv,base,routing,capacity_weighted,false,20,retries,0,0
replay-azure-conv,base,routing,capacity_weighted,false,20,preemptions,0,0
replay-azure-conv,base,routing,capacity_weighted,false,20,scale_actions,0,0
replay-azure-conv,base,routing,capacity_weighted,false,20,router_q_p95,0,0
replay-azure-conv,base,routing,capacity_weighted,false,20,replica_q_p95,0.4230421,0
replay-azure-conv,base,routing,oracle_jsq,true,20,J,2.2649168,2.1323949e-16
replay-azure-conv,base,routing,oracle_jsq,true,20,violation_rate,0.015916955,0
replay-azure-conv,base,routing,oracle_jsq,true,20,goodput,3.95,6.3971848e-16
replay-azure-conv,base,routing,oracle_jsq,true,20,ttft_p95,0.73714464,5.3309873e-17
replay-azure-conv,base,routing,oracle_jsq,true,20,ttft_p99,1.2385305,0
replay-azure-conv,base,routing,oracle_jsq,true,20,tpot_p95,0.081675972,0
replay-azure-conv,base,routing,oracle_jsq,true,20,e2e_p95,29.577118,1.7059159e-15
replay-azure-conv,base,routing,oracle_jsq,true,20,gpu_hours,0.2,1.3327468e-17
replay-azure-conv,base,routing,oracle_jsq,true,20,utilization,0.86263179,1.5992962e-16
replay-azure-conv,base,routing,oracle_jsq,true,20,kv_occupancy,0.1316444,1.3327468e-17
replay-azure-conv,base,routing,oracle_jsq,true,20,rejected_rate,0,0
replay-azure-conv,base,routing,oracle_jsq,true,20,failed_rate,0,0
replay-azure-conv,base,routing,oracle_jsq,true,20,timed_out_rate,0,0
replay-azure-conv,base,routing,oracle_jsq,true,20,unfinished_rate,0,0
replay-azure-conv,base,routing,oracle_jsq,true,20,retries,0,0
replay-azure-conv,base,routing,oracle_jsq,true,20,preemptions,0,0
replay-azure-conv,base,routing,oracle_jsq,true,20,scale_actions,0,0
replay-azure-conv,base,routing,oracle_jsq,true,20,router_q_p95,0,0
replay-azure-conv,base,routing,oracle_jsq,true,20,replica_q_p95,0.34383225,5.3309873e-17
replay-azure-code,base,routing,random,false,20,J,61.696823,2.3520126
replay-azure-code,base,routing,random,false,20,violation_rate,0.86707152,0.0048568059
replay-azure-code,base,routing,random,false,20,goodput,0.29848485,0.010905737
replay-azure-code,base,routing,random,false,20,ttft_p95,101.28984,4.725692
replay-azure-code,base,routing,random,false,20,ttft_p99,110.30493,4.988926
replay-azure-code,base,routing,random,false,20,tpot_p95,0.57165425,0.00031562448
replay-azure-code,base,routing,random,false,20,e2e_p95,113.67107,4.7362089
replay-azure-code,base,routing,random,false,20,gpu_hours,0.36666667,7.996481e-17
replay-azure-code,base,routing,random,false,20,utilization,0.50007249,0.0043717286
replay-azure-code,base,routing,random,false,20,kv_occupancy,0.077480686,0.0014934458
replay-azure-code,base,routing,random,false,20,rejected_rate,0,0
replay-azure-code,base,routing,random,false,20,failed_rate,0,0
replay-azure-code,base,routing,random,false,20,timed_out_rate,0,0
replay-azure-code,base,routing,random,false,20,unfinished_rate,0.051821862,0.0046532536
replay-azure-code,base,routing,random,false,20,retries,0,0
replay-azure-code,base,routing,random,false,20,preemptions,0,0
replay-azure-code,base,routing,random,false,20,scale_actions,0,0
replay-azure-code,base,routing,random,false,20,router_q_p95,0,0
replay-azure-code,base,routing,random,false,20,replica_q_p95,100.15023,4.714992
replay-azure-code,base,routing,round_robin,false,20,J,63.122706,6.8236638e-15
replay-azure-code,base,routing,round_robin,false,20,violation_rate,0.86639676,1.5992962e-16
replay-azure-code,base,routing,round_robin,false,20,goodput,0.3,2.6654937e-17
replay-azure-code,base,routing,round_robin,false,20,ttft_p95,104.15482,2.7294655e-14
replay-azure-code,base,routing,round_robin,false,20,ttft_p99,110.56649,0
replay-azure-code,base,routing,round_robin,false,20,tpot_p95,0.57133108,0
replay-azure-code,base,routing,round_robin,false,20,e2e_p95,114.02956,6.8236638e-15
replay-azure-code,base,routing,round_robin,false,20,gpu_hours,0.36666667,7.996481e-17
replay-azure-code,base,routing,round_robin,false,20,utilization,0.50274127,0
replay-azure-code,base,routing,round_robin,false,20,kv_occupancy,0.075294827,0
replay-azure-code,base,routing,round_robin,false,20,rejected_rate,0,0
replay-azure-code,base,routing,round_robin,false,20,failed_rate,0,0
replay-azure-code,base,routing,round_robin,false,20,timed_out_rate,0,0
replay-azure-code,base,routing,round_robin,false,20,unfinished_rate,0.052631579,9.9956012e-18
replay-azure-code,base,routing,round_robin,false,20,retries,0,0
replay-azure-code,base,routing,round_robin,false,20,preemptions,0,0
replay-azure-code,base,routing,round_robin,false,20,scale_actions,0,0
replay-azure-code,base,routing,round_robin,false,20,router_q_p95,0,0
replay-azure-code,base,routing,round_robin,false,20,replica_q_p95,103.13846,2.7294655e-14
replay-azure-code,base,routing,least_outstanding,false,20,J,37.637029,6.8236638e-15
replay-azure-code,base,routing,least_outstanding,false,20,violation_rate,0.89608637,5.3309873e-17
replay-azure-code,base,routing,least_outstanding,false,20,goodput,0.23333333,0
replay-azure-code,base,routing,least_outstanding,false,20,ttft_p95,52.902484,1.0235496e-14
replay-azure-code,base,routing,least_outstanding,false,20,ttft_p99,67.872393,0
replay-azure-code,base,routing,least_outstanding,false,20,tpot_p95,0.5705355,0
replay-azure-code,base,routing,least_outstanding,false,20,e2e_p95,66.76446,6.8236638e-15
replay-azure-code,base,routing,least_outstanding,false,20,gpu_hours,0.36666667,7.996481e-17
replay-azure-code,base,routing,least_outstanding,false,20,utilization,0.44804836,5.3309873e-17
replay-azure-code,base,routing,least_outstanding,false,20,kv_occupancy,0.068064421,1.3327468e-17
replay-azure-code,base,routing,least_outstanding,false,20,rejected_rate,0,0
replay-azure-code,base,routing,least_outstanding,false,20,failed_rate,0,0
replay-azure-code,base,routing,least_outstanding,false,20,timed_out_rate,0,0
replay-azure-code,base,routing,least_outstanding,false,20,unfinished_rate,0.026315789,4.9978006e-18
replay-azure-code,base,routing,least_outstanding,false,20,retries,0,0
replay-azure-code,base,routing,least_outstanding,false,20,preemptions,0,0
replay-azure-code,base,routing,least_outstanding,false,20,scale_actions,0,0
replay-azure-code,base,routing,least_outstanding,false,20,router_q_p95,0,0
replay-azure-code,base,routing,least_outstanding,false,20,replica_q_p95,52.062502,1.0235496e-14
replay-azure-code,base,routing,power_of_two,false,20,J,38.457421,0.49945544
replay-azure-code,base,routing,power_of_two,false,20,violation_rate,0.90644399,0.0020344585
replay-azure-code,base,routing,power_of_two,false,20,goodput,0.21007576,0.0045682841
replay-azure-code,base,routing,power_of_two,false,20,ttft_p95,54.457398,0.99313462
replay-azure-code,base,routing,power_of_two,false,20,ttft_p99,70.243809,1.3536078
replay-azure-code,base,routing,power_of_two,false,20,tpot_p95,0.56965025,0.0003646904
replay-azure-code,base,routing,power_of_two,false,20,e2e_p95,67.671516,0.82604768
replay-azure-code,base,routing,power_of_two,false,20,gpu_hours,0.36666667,7.996481e-17
replay-azure-code,base,routing,power_of_two,false,20,utilization,0.44969309,0.0015405877
replay-azure-code,base,routing,power_of_two,false,20,kv_occupancy,0.068045866,0.00058743314
replay-azure-code,base,routing,power_of_two,false,20,rejected_rate,0,0
replay-azure-code,base,routing,power_of_two,false,20,failed_rate,0,0
replay-azure-code,base,routing,power_of_two,false,20,timed_out_rate,0,0
replay-azure-code,base,routing,power_of_two,false,20,unfinished_rate,0.022638327,0.0031337569
replay-azure-code,base,routing,power_of_two,false,20,retries,0,0
replay-azure-code,base,routing,power_of_two,false,20,preemptions,0,0
replay-azure-code,base,routing,power_of_two,false,20,scale_actions,0,0
replay-azure-code,base,routing,power_of_two,false,20,router_q_p95,0,0
replay-azure-code,base,routing,power_of_two,false,20,replica_q_p95,53.294258,1.0804795
replay-azure-code,base,routing,latency_aware,false,20,J,31.920894,1.7059159e-15
replay-azure-code,base,routing,latency_aware,false,20,violation_rate,0.90688259,0
replay-azure-code,base,routing,latency_aware,false,20,goodput,0.20909091,1.3327468e-17
replay-azure-code,base,routing,latency_aware,false,20,ttft_p95,41.391126,3.4118319e-15
replay-azure-code,base,routing,latency_aware,false,20,ttft_p99,63.001977,1.0235496e-14
replay-azure-code,base,routing,latency_aware,false,20,tpot_p95,0.56909178,5.3309873e-17
replay-azure-code,base,routing,latency_aware,false,20,e2e_p95,57.150841,1.7059159e-14
replay-azure-code,base,routing,latency_aware,false,20,gpu_hours,0.36666667,7.996481e-17
replay-azure-code,base,routing,latency_aware,false,20,utilization,0.44581481,5.3309873e-17
replay-azure-code,base,routing,latency_aware,false,20,kv_occupancy,0.06591911,0
replay-azure-code,base,routing,latency_aware,false,20,rejected_rate,0,0
replay-azure-code,base,routing,latency_aware,false,20,failed_rate,0,0
replay-azure-code,base,routing,latency_aware,false,20,timed_out_rate,0,0
replay-azure-code,base,routing,latency_aware,false,20,unfinished_rate,0.028340081,0
replay-azure-code,base,routing,latency_aware,false,20,retries,0,0
replay-azure-code,base,routing,latency_aware,false,20,preemptions,0,0
replay-azure-code,base,routing,latency_aware,false,20,scale_actions,0,0
replay-azure-code,base,routing,latency_aware,false,20,router_q_p95,0,0
replay-azure-code,base,routing,latency_aware,false,20,replica_q_p95,40.531015,3.4118319e-15
replay-azure-code,base,routing,queue_aware,false,20,J,40.809606,0
replay-azure-code,base,routing,queue_aware,false,20,violation_rate,0.92847503,5.3309873e-17
replay-azure-code,base,routing,queue_aware,false,20,goodput,0.16060606,0
replay-azure-code,base,routing,queue_aware,false,20,ttft_p95,58.964426,1.7059159e-14
replay-azure-code,base,routing,queue_aware,false,20,ttft_p99,74.089132,6.8236638e-15
replay-azure-code,base,routing,queue_aware,false,20,tpot_p95,0.56850175,0
replay-azure-code,base,routing,queue_aware,false,20,e2e_p95,70.432449,0
replay-azure-code,base,routing,queue_aware,false,20,gpu_hours,0.36666667,7.996481e-17
replay-azure-code,base,routing,queue_aware,false,20,utilization,0.44071163,2.6654937e-17
replay-azure-code,base,routing,queue_aware,false,20,kv_occupancy,0.0672895,0
replay-azure-code,base,routing,queue_aware,false,20,rejected_rate,0,0
replay-azure-code,base,routing,queue_aware,false,20,failed_rate,0,0
replay-azure-code,base,routing,queue_aware,false,20,timed_out_rate,0,0
replay-azure-code,base,routing,queue_aware,false,20,unfinished_rate,0.035762483,6.6637341e-18
replay-azure-code,base,routing,queue_aware,false,20,retries,0,0
replay-azure-code,base,routing,queue_aware,false,20,preemptions,0,0
replay-azure-code,base,routing,queue_aware,false,20,scale_actions,0,0
replay-azure-code,base,routing,queue_aware,false,20,router_q_p95,0,0
replay-azure-code,base,routing,queue_aware,false,20,replica_q_p95,57.89869,1.7059159e-14
replay-azure-code,base,routing,queue_aware_corrected,false,20,J,37.681439,0
replay-azure-code,base,routing,queue_aware_corrected,false,20,violation_rate,0.91632928,1.0661975e-16
replay-azure-code,base,routing,queue_aware_corrected,false,20,goodput,0.18787879,2.6654937e-17
replay-azure-code,base,routing,queue_aware_corrected,false,20,ttft_p95,52.809886,6.8236638e-15
replay-azure-code,base,routing,queue_aware_corrected,false,20,ttft_p99,67.848089,0
replay-azure-code,base,routing,queue_aware_corrected,false,20,tpot_p95,0.569485,0
replay-azure-code,base,routing,queue_aware_corrected,false,20,e2e_p95,66.124603,6.8236638e-15
replay-azure-code,base,routing,queue_aware_corrected,false,20,gpu_hours,0.36666667,7.996481e-17
replay-azure-code,base,routing,queue_aware_corrected,false,20,utilization,0.44947066,2.6654937e-17
replay-azure-code,base,routing,queue_aware_corrected,false,20,kv_occupancy,0.06896976,0
replay-azure-code,base,routing,queue_aware_corrected,false,20,rejected_rate,0,0
replay-azure-code,base,routing,queue_aware_corrected,false,20,failed_rate,0,0
replay-azure-code,base,routing,queue_aware_corrected,false,20,timed_out_rate,0,0
replay-azure-code,base,routing,queue_aware_corrected,false,20,unfinished_rate,0.031039136,1.6659335e-18
replay-azure-code,base,routing,queue_aware_corrected,false,20,retries,0,0
replay-azure-code,base,routing,queue_aware_corrected,false,20,preemptions,0,0
replay-azure-code,base,routing,queue_aware_corrected,false,20,scale_actions,0,0
replay-azure-code,base,routing,queue_aware_corrected,false,20,router_q_p95,0,0
replay-azure-code,base,routing,queue_aware_corrected,false,20,replica_q_p95,51.632668,0
replay-azure-code,base,routing,capacity_weighted,false,20,J,33.871801,3.4118319e-15
replay-azure-code,base,routing,capacity_weighted,false,20,violation_rate,0.89676113,1.0661975e-16
replay-azure-code,base,routing,capacity_weighted,false,20,goodput,0.23181818,1.3327468e-17
replay-azure-code,base,routing,capacity_weighted,false,20,ttft_p95,45.381339,3.4118319e-15
replay-azure-code,base,routing,capacity_weighted,false,20,ttft_p99,53.968627,3.4118319e-15
replay-azure-code,base,routing,capacity_weighted,false,20,tpot_p95,0.56973252,1.0661975e-16
replay-azure-code,base,routing,capacity_weighted,false,20,e2e_p95,55.574231,1.3647328e-14
replay-azure-code,base,routing,capacity_weighted,false,20,gpu_hours,0.36666667,7.996481e-17
replay-azure-code,base,routing,capacity_weighted,false,20,utilization,0.45634224,2.6654937e-17
replay-azure-code,base,routing,capacity_weighted,false,20,kv_occupancy,0.067786014,0
replay-azure-code,base,routing,capacity_weighted,false,20,rejected_rate,0,0
replay-azure-code,base,routing,capacity_weighted,false,20,failed_rate,0,0
replay-azure-code,base,routing,capacity_weighted,false,20,timed_out_rate,0,0
replay-azure-code,base,routing,capacity_weighted,false,20,unfinished_rate,0,0
replay-azure-code,base,routing,capacity_weighted,false,20,retries,0,0
replay-azure-code,base,routing,capacity_weighted,false,20,preemptions,0,0
replay-azure-code,base,routing,capacity_weighted,false,20,scale_actions,0,0
replay-azure-code,base,routing,capacity_weighted,false,20,router_q_p95,0,0
replay-azure-code,base,routing,capacity_weighted,false,20,replica_q_p95,44.165983,6.8236638e-15
replay-azure-code,base,routing,oracle_jsq,true,20,J,31.26012,1.7059159e-15
replay-azure-code,base,routing,oracle_jsq,true,20,violation_rate,0.91497976,2.6654937e-16
replay-azure-code,base,routing,oracle_jsq,true,20,goodput,0.19090909,0
replay-azure-code,base,routing,oracle_jsq,true,20,ttft_p95,39.992955,6.8236638e-15
replay-azure-code,base,routing,oracle_jsq,true,20,ttft_p99,45.665006,3.4118319e-15
replay-azure-code,base,routing,oracle_jsq,true,20,tpot_p95,0.56887442,5.3309873e-17
replay-azure-code,base,routing,oracle_jsq,true,20,e2e_p95,49.894358,6.8236638e-15
replay-azure-code,base,routing,oracle_jsq,true,20,gpu_hours,0.36666667,7.996481e-17
replay-azure-code,base,routing,oracle_jsq,true,20,utilization,0.4369353,0
replay-azure-code,base,routing,oracle_jsq,true,20,kv_occupancy,0.064199662,0
replay-azure-code,base,routing,oracle_jsq,true,20,rejected_rate,0,0
replay-azure-code,base,routing,oracle_jsq,true,20,failed_rate,0,0
replay-azure-code,base,routing,oracle_jsq,true,20,timed_out_rate,0,0
replay-azure-code,base,routing,oracle_jsq,true,20,unfinished_rate,0,0
replay-azure-code,base,routing,oracle_jsq,true,20,retries,0,0
replay-azure-code,base,routing,oracle_jsq,true,20,preemptions,0,0
replay-azure-code,base,routing,oracle_jsq,true,20,scale_actions,0,0
replay-azure-code,base,routing,oracle_jsq,true,20,router_q_p95,0,0
replay-azure-code,base,routing,oracle_jsq,true,20,replica_q_p95,39.214321,6.8236638e-15
