family,policy,config,runs,mean_J,params
routing,random,random,40,18.081718,"{}"
routing,round_robin,round_robin,40,18.141204,"{}"
routing,least_outstanding,least_outstanding,40,2.636958,"{}"
routing,power_of_two,power_of_two,40,2.660126,"{}"
routing,latency_aware,latency_aware,40,2.728130,"{}"
routing,latency_aware,latency_aware,40,2.667096,"{'explore':0,'prior_s':0.175,'tau_s':44.309}"
routing,latency_aware,latency_aware,40,2.886046,"{'explore':0,'prior_s':0.481,'tau_s':2.261}"
routing,latency_aware,latency_aware,40,2.712532,"{'explore':0.07,'prior_s':0.064,'tau_s':11.187}"
routing,latency_aware,latency_aware,40,2.873233,"{'explore':0,'prior_s':0.072,'tau_s':3.586}"
routing,latency_aware,latency_aware,40,2.845560,"{'explore':0.022,'prior_s':1.205,'tau_s':4.103}"
routing,latency_aware,latency_aware,40,2.857728,"{'explore':0,'prior_s':0.241,'tau_s':3.399}"
routing,latency_aware,latency_aware,40,2.885921,"{'explore':0,'prior_s':0.627,'tau_s':2.751}"
routing,latency_aware,latency_aware,40,2.809597,"{'explore':0,'prior_s':1.122,'tau_s':6.038}"
routing,latency_aware,latency_aware,40,2.888952,"{'explore':0,'prior_s':0.223,'tau_s':1.739}"
routing,latency_aware,latency_aware,40,2.749925,"{'explore':0,'prior_s':0.066,'tau_s':7.742}"
routing,latency_aware,latency_aware,40,2.946576,"{'explore':0.057,'prior_s':1.406,'tau_s':1.007}"
routing,queue_aware,queue_aware,40,3.285307,"{}"
routing,queue_aware,queue_aware,40,3.270814,"{'kv_weight':5.994,'run_weight':3.331}"
routing,queue_aware,queue_aware,40,3.314143,"{'kv_weight':1.293,'run_weight':2.984}"
routing,queue_aware,queue_aware,40,3.235270,"{'kv_weight':4.676,'run_weight':0.706}"
routing,queue_aware,queue_aware,40,3.264714,"{'kv_weight':7.699,'run_weight':3.504}"
routing,queue_aware,queue_aware,40,3.249710,"{'kv_weight':4.977,'run_weight':1.818}"
routing,queue_aware,queue_aware,40,3.276069,"{'kv_weight':0.901,'run_weight':0.659}"
routing,queue_aware,queue_aware,40,3.253634,"{'kv_weight':2.576,'run_weight':0.95}"
routing,queue_aware,queue_aware,40,3.290793,"{'kv_weight':2.764,'run_weight':3.551}"
routing,queue_aware,queue_aware,40,3.272570,"{'kv_weight':6.282,'run_weight':3.435}"
routing,queue_aware,queue_aware,40,3.249333,"{'kv_weight':6.952,'run_weight':1.84}"
routing,queue_aware,queue_aware,40,3.235215,"{'kv_weight':5.679,'run_weight':0.659}"
routing,queue_aware_corrected,queue_aware_corrected,40,2.893650,"{}"
routing,queue_aware_corrected,queue_aware_corrected,40,3.198822,"{'kv_weight':0.961,'run_weight':1.931,'sent_weight':2.608}"
routing,queue_aware_corrected,queue_aware_corrected,40,2.609404,"{'kv_weight':6.261,'run_weight':2.336,'sent_weight':0.363}"
routing,queue_aware_corrected,queue_aware_corrected,40,2.674278,"{'kv_weight':2.604,'run_weight':0.699,'sent_weight':0.239}"
routing,queue_aware_corrected,queue_aware_corrected,40,2.770704,"{'kv_weight':6.489,'run_weight':3.325,'sent_weight':1.133}"
routing,queue_aware_corrected,queue_aware_corrected,40,3.022460,"{'kv_weight':2.776,'run_weight':0.334,'sent_weight':1.899}"
routing,queue_aware_corrected,queue_aware_corrected,40,2.942306,"{'kv_weight':2.265,'run_weight':2.831,'sent_weight':1.532}"
routing,queue_aware_corrected,queue_aware_corrected,40,2.981208,"{'kv_weight':4.13,'run_weight':3.185,'sent_weight':1.911}"
routing,queue_aware_corrected,queue_aware_corrected,40,3.031234,"{'kv_weight':3.807,'run_weight':3.267,'sent_weight':2.086}"
routing,queue_aware_corrected,queue_aware_corrected,40,3.024490,"{'kv_weight':0.786,'run_weight':1.318,'sent_weight':1.681}"
routing,queue_aware_corrected,queue_aware_corrected,40,2.775771,"{'kv_weight':0.799,'run_weight':0.697,'sent_weight':0.244}"
routing,queue_aware_corrected,queue_aware_corrected,40,2.941688,"{'kv_weight':4.961,'run_weight':2.313,'sent_weight':1.777}"
routing,capacity_weighted,capacity_weighted,40,4.708265,"{}"
routing,capacity_weighted,capacity_weighted,40,3.191896,"{'prior_weight':21.71,'sample_weight':0.174,'slo_gain':0}"
routing,capacity_weighted,capacity_weighted,40,3.475485,"{'prior_weight':13.661,'sample_weight':0.226,'slo_gain':0.445}"
routing,capacity_weighted,capacity_weighted,40,7.020353,"{'prior_weight':4.798,'sample_weight':0.279,'slo_gain':1.193}"
routing,capacity_weighted,capacity_weighted,40,3.173847,"{'prior_weight':45.225,'sample_weight':0.589,'slo_gain':0}"
routing,capacity_weighted,capacity_weighted,40,4.473187,"{'prior_weight':6.06,'sample_weight':0.57,'slo_gain':0}"
routing,capacity_weighted,capacity_weighted,40,12.599226,"{'prior_weight':3.276,'sample_weight':0.863,'slo_gain':3.927}"
routing,capacity_weighted,capacity_weighted,40,3.662912,"{'prior_weight':20.103,'sample_weight':0.892,'slo_gain':0}"
routing,capacity_weighted,capacity_weighted,40,4.028663,"{'prior_weight':7.75,'sample_weight':0.106,'slo_gain':0}"
routing,capacity_weighted,capacity_weighted,40,15.692761,"{'prior_weight':1.67,'sample_weight':0.792,'slo_gain':4.817}"
routing,capacity_weighted,capacity_weighted,40,3.924454,"{'prior_weight':15.338,'sample_weight':0.506,'slo_gain':0}"
routing,capacity_weighted,capacity_weighted,40,4.201903,"{'prior_weight':16.555,'sample_weight':0.616,'slo_gain':0}"
routing,oracle_jsq,oracle_jsq,40,2.601145,"{}"
scaling,static_tuned,static,20,19.892404,"{'replicas':7}"
scaling,static_tuned,static,20,5.958739,"{'replicas':8}"
scaling,static_tuned,static,20,2.481266,"{'replicas':11}"
scaling,static_tuned,static,20,2.705446,"{'replicas':16}"
scaling,static_tuned,static,20,2.510003,"{'replicas':12}"
scaling,static_tuned,static,20,2.597332,"{'replicas':14}"
scaling,static_tuned,static,20,333.061241,"{'replicas':3}"
scaling,static_tuned,static,20,472.223823,"{'replicas':2}"
scaling,static_tuned,static,20,2.489317,"{'replicas':10}"
scaling,static_tuned,static,20,2.694834,"{'replicas':9}"
scaling,static_tuned,static,20,54.633228,"{'replicas':6}"
scaling,static_tuned,static,20,2.547672,"{'replicas':13}"
scaling,threshold_cooldown,threshold_cooldown,20,32.452886,"{}"
scaling,threshold_cooldown,threshold_cooldown,20,20.504986,"{'cooldown_down_s':312.508,'cooldown_up_s':109.976,'lower':3.514,'step':1,'upper':41.586}"
scaling,threshold_cooldown,threshold_cooldown,20,14.774719,"{'cooldown_down_s':598.008,'cooldown_up_s':33.701,'lower':9.846,'step':2,'upper':45.884}"
scaling,threshold_cooldown,threshold_cooldown,20,28.663320,"{'cooldown_down_s':432.216,'cooldown_up_s':79.195,'lower':19.051,'step':1,'upper':60.445}"
scaling,threshold_cooldown,threshold_cooldown,20,50.003084,"{'cooldown_down_s':83.211,'cooldown_up_s':77.572,'lower':25.14,'step':1,'upper':70.79}"
scaling,threshold_cooldown,threshold_cooldown,20,25.709669,"{'cooldown_down_s':474.167,'cooldown_up_s':46.313,'lower':18.56,'step':1,'upper':44.399}"
scaling,threshold_cooldown,threshold_cooldown,20,19.869564,"{'cooldown_down_s':462.014,'cooldown_up_s':110.912,'lower':9.062,'step':1,'upper':22.933}"
scaling,threshold_cooldown,threshold_cooldown,20,11.783086,"{'cooldown_down_s':460.33,'cooldown_up_s':34.34,'lower':7.074,'step':2,'upper':36.432}"
scaling,threshold_cooldown,threshold_cooldown,20,18.411629,"{'cooldown_down_s':56.998,'cooldown_up_s':52.565,'lower':5.623,'step':1,'upper':32.413}"
scaling,threshold_cooldown,threshold_cooldown,20,22.025041,"{'cooldown_down_s':575.292,'cooldown_up_s':34.35,'lower':12.079,'step':1,'upper':40.18}"
scaling,threshold_cooldown,threshold_cooldown,20,27.271890,"{'cooldown_down_s':540.409,'cooldown_up_s':14.368,'lower':15.057,'step':1,'upper':68.247}"
scaling,threshold_cooldown,threshold_cooldown,20,21.512470,"{'cooldown_down_s':403.815,'cooldown_up_s':16.66,'lower':9.807,'step':2,'upper':74.784}"
scaling,target_tracking,target_tracking,20,9.787292,"{}"
scaling,target_tracking,target_tracking,20,16.716861,"{'max_step_down':4,'max_step_up':5,'stabilization_down_s':557.236,'stabilization_up_s':53.907,'target':38.044,'tolerance':0.004}"
scaling,target_tracking,target_tracking,20,2.665766,"{'max_step_down':1,'max_step_up':3,'stabilization_down_s':239.318,'stabilization_up_s':31.933,'target':8.709,'tolerance':0.25}"
scaling,target_tracking,target_tracking,20,60.406899,"{'max_step_down':4,'max_step_up':8,'stabilization_down_s':83.784,'stabilization_up_s':34.233,'target':84.132,'tolerance':0.251}"
scaling,target_tracking,target_tracking,20,36.944870,"{'max_step_down':4,'max_step_up':7,'stabilization_down_s':121.406,'stabilization_up_s':24.146,'target':54.47,'tolerance':0.128}"
scaling,target_tracking,target_tracking,20,21.154866,"{'max_step_down':1,'max_step_up':8,'stabilization_down_s':365.281,'stabilization_up_s':46.225,'target':67.756,'tolerance':0.266}"
scaling,target_tracking,target_tracking,20,24.171550,"{'max_step_down':2,'max_step_up':1,'stabilization_down_s':445.935,'stabilization_up_s':53.32,'target':69.022,'tolerance':0.267}"
scaling,target_tracking,target_tracking,20,26.494518,"{'max_step_down':3,'max_step_up':5,'stabilization_down_s':76.91,'stabilization_up_s':59.661,'target':29.106,'tolerance':0.242}"
scaling,target_tracking,target_tracking,20,16.910018,"{'max_step_down':1,'max_step_up':8,'stabilization_down_s':519.66,'stabilization_up_s':11.86,'target':70.301,'tolerance':0.088}"
scaling,target_tracking,target_tracking,20,5.386860,"{'max_step_down':1,'max_step_up':1,'stabilization_down_s':70.359,'stabilization_up_s':0.276,'target':14.797,'tolerance':0.18}"
scaling,target_tracking,target_tracking,20,41.284946,"{'max_step_down':3,'max_step_up':5,'stabilization_down_s':186.997,'stabilization_up_s':27.479,'target':87.506,'tolerance':0.116}"
scaling,target_tracking,target_tracking,20,11.000442,"{'max_step_down':2,'max_step_up':8,'stabilization_down_s':422.406,'stabilization_up_s':5.351,'target':54.121,'tolerance':0.113}"
scaling,slo_feedback,slo_feedback,20,37.108457,"{}"
scaling,slo_feedback,slo_feedback,20,133.011468,"{'dead_band':0.258,'down_threshold':0.321,'hold_s':104.115,'integral_max':20,'ki':0.03,'kp':1.162,'max_step_down':2,'max_step_up':1,'up_threshold':0.123}"
scaling,slo_feedback,slo_feedback,20,60.577034,"{'dead_band':0.043,'down_threshold':0.456,'hold_s':91.312,'integral_max':20,'ki':0.007,'kp':0.123,'max_step_down':2,'max_step_up':5,'up_threshold':0.204}"
scaling,slo_feedback,slo_feedback,20,79.744866,"{'dead_band':0.073,'down_threshold':0.25,'hold_s':20.43,'integral_max':20,'ki':0.048,'kp':0.113,'max_step_down':2,'max_step_up':6,'up_threshold':0.081}"
scaling,slo_feedback,slo_feedback,20,90.289419,"{'dead_band':0.117,'down_threshold':0.374,'hold_s':14.89,'integral_max':20,'ki':0.097,'kp':0.189,'max_step_down':2,'max_step_up':7,'up_threshold':0.448}"
scaling,slo_feedback,slo_feedback,20,66.091632,"{'dead_band':0.102,'down_threshold':0.201,'hold_s':79.652,'integral_max':20,'ki':0.01,'kp':0.304,'max_step_down':1,'max_step_up':7,'up_threshold':0.151}"
scaling,slo_feedback,slo_feedback,20,135.407481,"{'dead_band':0.253,'down_threshold':0.642,'hold_s':0.889,'integral_max':20,'ki':0.081,'kp':1.576,'max_step_down':2,'max_step_up':4,'up_threshold':0.441}"
scaling,slo_feedback,slo_feedback,20,66.461261,"{'dead_band':0.001,'down_threshold':0.505,'hold_s':29.411,'integral_max':20,'ki':0.021,'kp':0.113,'max_step_down':2,'max_step_up':2,'up_threshold':0.045}"
scaling,slo_feedback,slo_feedback,20,59.061490,"{'dead_band':0.035,'down_threshold':0.296,'hold_s':37.077,'integral_max':20,'ki':0.097,'kp':0.848,'max_step_down':1,'max_step_up':7,'up_threshold':0.296}"
scaling,slo_feedback,slo_feedback,20,55.098930,"{'dead_band':0.091,'down_threshold':0.541,'hold_s':90.786,'integral_max':20,'ki':0.05,'kp':0.102,'max_step_down':2,'max_step_up':7,'up_threshold':0.288}"
scaling,slo_feedback,slo_feedback,20,80.600182,"{'dead_band':0.157,'down_threshold':0.436,'hold_s':85.577,'integral_max':20,'ki':0.04,'kp':0.615,'max_step_down':1,'max_step_up':7,'up_threshold':0.294}"
scaling,slo_feedback,slo_feedback,20,52.160625,"{'dead_band':0.172,'down_threshold':0.603,'hold_s':18.742,'integral_max':20,'ki':0.028,'kp':1.454,'max_step_down':2,'max_step_up':7,'up_threshold':0.022}"
scaling,predictive,predictive,20,31.816079,"{}"
scaling,predictive,predictive,20,49.444656,"{'alpha':0.397,'beta':0.423,'headroom':1.168,'max_step_down':2,'prior_e2e_s':1.257,'target':14.863}"
scaling,predictive,predictive,20,59.330071,"{'alpha':0.662,'beta':0.272,'headroom':1.067,'max_step_down':1,'prior_e2e_s':1.573,'target':94.772}"
scaling,predictive,predictive,20,104.960017,"{'alpha':0.598,'beta':0.344,'headroom':1.406,'max_step_down':4,'prior_e2e_s':4.008,'target':11.293}"
scaling,predictive,predictive,20,96.237981,"{'alpha':0.791,'beta':0.054,'headroom':1.267,'max_step_down':3,'prior_e2e_s':3.26,'target':83.229}"
scaling,predictive,predictive,20,89.742173,"{'alpha':0.778,'beta':0.331,'headroom':1.353,'max_step_down':3,'prior_e2e_s':1.776,'target':51.612}"
scaling,predictive,predictive,20,43.412117,"{'alpha':0.365,'beta':0.238,'headroom':1.065,'max_step_down':1,'prior_e2e_s':7.049,'target':59.4}"
scaling,predictive,predictive,20,116.301880,"{'alpha':0.731,'beta':0.391,'headroom':1.008,'max_step_down':4,'prior_e2e_s':14.698,'target':68.022}"
scaling,predictive,predictive,20,125.522351,"{'alpha':0.15,'beta':0.352,'headroom':1.321,'max_step_down':3,'prior_e2e_s':1.093,'target':25.591}"
scaling,predictive,predictive,20,97.026157,"{'alpha':0.782,'beta':0.365,'headroom':1.21,'max_step_down':4,'prior_e2e_s':12.28,'target':44.226}"
scaling,predictive,predictive,20,69.939585,"{'alpha':0.755,'beta':0.135,'headroom':1.042,'max_step_down':2,'prior_e2e_s':15.098,'target':24.922}"
scaling,predictive,predictive,20,128.981225,"{'alpha':0.175,'beta':0.269,'headroom':1.423,'max_step_down':4,'prior_e2e_s':4.018,'target':36.262}"
capacity,static_partition,static_partition,5,282.410224,"{'shares':{'chat-70b':0.064,'chat-8b':0.019,'code-8b':0.917}}"
capacity,static_partition,static_partition,5,262.411791,"{'shares':{'chat-70b':0.168,'chat-8b':0.786,'code-8b':0.046}}"
capacity,static_partition,static_partition,5,6.886771,"{'shares':{'chat-70b':0.368,'chat-8b':0.35,'code-8b':0.282}}"
capacity,static_partition,static_partition,5,24.147196,"{'shares':{'chat-70b':0.279,'chat-8b':0.401,'code-8b':0.32}}"
capacity,static_partition,static_partition,5,259.513369,"{'shares':{'chat-70b':0.697,'chat-8b':0.006,'code-8b':0.296}}"
capacity,static_partition,static_partition,5,207.541653,"{'shares':{'chat-70b':0.08,'chat-8b':0.112,'code-8b':0.808}}"
capacity,static_partition,static_partition,5,49.082836,"{'shares':{'chat-70b':0.12,'chat-8b':0.223,'code-8b':0.657}}"
capacity,static_partition,static_partition,5,184.669810,"{'shares':{'chat-70b':0.67,'chat-8b':0.1,'code-8b':0.23}}"
capacity,static_partition,static_partition,5,282.410224,"{'shares':{'chat-70b':0.111,'chat-8b':0.069,'code-8b':0.82}}"
capacity,static_partition,static_partition,5,275.779914,"{'shares':{'chat-70b':0.842,'chat-8b':0.076,'code-8b':0.082}}"
capacity,static_partition,static_partition,5,97.832685,"{'shares':{'chat-70b':0.448,'chat-8b':0.412,'code-8b':0.139}}"
capacity,static_partition,static_partition,5,239.749347,"{'shares':{'chat-70b':0.623,'chat-8b':0.327,'code-8b':0.05}}"
capacity,proportional_demand,proportional_demand,5,4.901755,"{}"
capacity,marginal_gain,marginal_gain,5,1.583128,"{}"
capacity,marginal_gain,marginal_gain,5,34.007002,"{'min_gain':0.006282124930971411,'prior_service_s':3.396,'wait_fraction':0.572}"
capacity,marginal_gain,marginal_gain,5,1.576881,"{'min_gain':0,'prior_service_s':15.869,'wait_fraction':0.55}"
capacity,marginal_gain,marginal_gain,5,25.917714,"{'min_gain':0.0023669189651868215,'prior_service_s':10.607,'wait_fraction':0.138}"
capacity,marginal_gain,marginal_gain,5,33.338684,"{'min_gain':0.009087093754248014,'prior_service_s':7.621,'wait_fraction':0.494}"
capacity,marginal_gain,marginal_gain,5,28.103285,"{'min_gain':0.005225102067610554,'prior_service_s':6.954,'wait_fraction':0.17}"
capacity,marginal_gain,marginal_gain,5,31.618478,"{'min_gain':0.008683864224249702,'prior_service_s':1.646,'wait_fraction':0.347}"
capacity,marginal_gain,marginal_gain,5,33.704528,"{'min_gain':0.005627087262239807,'prior_service_s':10.983,'wait_fraction':0.61}"
capacity,marginal_gain,marginal_gain,5,31.314759,"{'min_gain':0.002304756873684546,'prior_service_s':1.864,'wait_fraction':0.437}"
capacity,marginal_gain,marginal_gain,5,28.021237,"{'min_gain':0.0020992830133510143,'prior_service_s':2.297,'wait_fraction':0.218}"
capacity,marginal_gain,marginal_gain,5,33.758467,"{'min_gain':0.004862899156798926,'prior_service_s':3.875,'wait_fraction':0.648}"
capacity,marginal_gain,marginal_gain,5,35.441443,"{'min_gain':0.009147239848185152,'prior_service_s':19.413,'wait_fraction':0.871}"
overload,none,none,5,33.000465,"{}"
overload,queue_cap,queue_cap,5,4.336762,"{}"
overload,queue_cap,queue_cap,5,5.557049,"{'max_inflight_per_replica':174,'max_queue':260}"
overload,queue_cap,queue_cap,5,8.083554,"{'max_inflight_per_replica':59,'max_queue':956}"
overload,queue_cap,queue_cap,5,8.962013,"{'max_inflight_per_replica':218,'max_queue':823}"
overload,queue_cap,queue_cap,5,6.560751,"{'max_inflight_per_replica':174,'max_queue':495}"
overload,queue_cap,queue_cap,5,7.294514,"{'max_inflight_per_replica':130,'max_queue':897}"
overload,queue_cap,queue_cap,5,5.766233,"{'max_inflight_per_replica':103,'max_queue':589}"
overload,queue_cap,queue_cap,5,6.161144,"{'max_inflight_per_replica':64,'max_queue':635}"
overload,queue_cap,queue_cap,5,2.646335,"{'max_inflight_per_replica':134,'max_queue':58}"
overload,queue_cap,queue_cap,5,6.367985,"{'max_inflight_per_replica':143,'max_queue':612}"
overload,queue_cap,queue_cap,5,6.921354,"{'max_inflight_per_replica':92,'max_queue':846}"
overload,queue_cap,queue_cap,5,2.449152,"{'max_inflight_per_replica':90,'max_queue':95}"
overload,predicted_ttft_shed,predicted_ttft_shed,5,4.159416,"{}"
overload,predicted_ttft_shed,predicted_ttft_shed,5,5.793161,"{'default_factor':2.964,'factors':{'batch':2.19,'interactive':2.964},'prefill_share':0.28}"
overload,predicted_ttft_shed,predicted_ttft_shed,5,8.299495,"{'default_factor':2.521,'factors':{'batch':1.74,'interactive':2.521},'prefill_share':0.807}"
overload,predicted_ttft_shed,predicted_ttft_shed,5,2.417682,"{'default_factor':1.371,'factors':{'batch':0.151,'interactive':1.371},'prefill_share':0.345}"
overload,predicted_ttft_shed,predicted_ttft_shed,5,6.083559,"{'default_factor':2.499,'factors':{'batch':1.025,'interactive':2.499},'prefill_share':0.667}"
overload,predicted_ttft_shed,predicted_ttft_shed,5,6.565778,"{'default_factor':2.503,'factors':{'batch':2.42,'interactive':2.503},'prefill_share':0.345}"
overload,predicted_ttft_shed,predicted_ttft_shed,5,3.482522,"{'default_factor':1.287,'factors':{'batch':0.227,'interactive':1.287},'prefill_share':0.827}"
overload,predicted_ttft_shed,predicted_ttft_shed,5,4.661485,"{'default_factor':0.868,'factors':{'batch':0.504,'interactive':0.868},'prefill_share':0.605}"
overload,predicted_ttft_shed,predicted_ttft_shed,5,3.411404,"{'default_factor':1.633,'factors':{'batch':0.926,'interactive':1.633},'prefill_share':0.215}"
overload,predicted_ttft_shed,predicted_ttft_shed,5,3.249322,"{'default_factor':2.008,'factors':{'batch':0.233,'interactive':2.008},'prefill_share':0.725}"
overload,predicted_ttft_shed,predicted_ttft_shed,5,4.621652,"{'default_factor':0.692,'factors':{'batch':0.33,'interactive':0.692},'prefill_share':0.887}"
overload,predicted_ttft_shed,predicted_ttft_shed,5,11.954313,"{'default_factor':2.681,'factors':{'batch':2.367,'interactive':2.681},'prefill_share':0.993}"
