scenario,variant,family,policy,seed,trace_sha,ejections,requests,completed,rejected,failed,timed_out,unfinished,violation_rate,goodput,J,j_ttft,j_tpot,j_gpu,ttft_p50,ttft_p95,ttft_p99,tpot_p50,tpot_p95,tpot_p99,e2e_p95,itl_p50,itl_p99,router_q_mean,router_q_p95,replica_q_mean,replica_q_p95,retries,preemptions,gpu_hours,utilization,kv_occupancy,scale_actions,peak_replicas
p-prefix,base,routing,round_robin,1,a44e25bd2430,0,21193,21193,0,0,0,0,0,32.110606,1.4336273,0.086883633,0.34674364,1,0.069321064,0.17376727,0.23121289,0.028039782,0.034674364,0.038990579,18.635051,0.019952623,0.1,0,0,0.014684791,0.045958707,0,0,0.73333333,0.9258225,0.20691386,0,4
p-prefix,base,routing,round_robin,2,8fdfb5773311,0,20992,20992,0,0,0,0,0,31.806061,1.4338409,0.087441463,0.34639948,1,0.069620176,0.17488293,0.22973958,0.027934202,0.034639948,0.039779199,18.531242,0.019952623,0.1,0,0,0.014706377,0.046439214,0,0,0.73333333,0.92631447,0.20567738,0,4
p-prefix,base,routing,round_robin,3,cc661438a6e6,0,20892,20892,0,0,0,0,0,31.654545,1.4231248,0.086368187,0.33675661,1,0.068887659,0.17273637,0.23383282,0.027468563,0.033675661,0.037876213,18.799144,0.019952623,0.1,0,0,0.014475878,0.044926985,0,0,0.73333333,0.92511166,0.20261638,0,4
p-prefix,base,routing,round_robin,4,48addf9e966f,0,21201,21201,0,0,0,0,0,32.122727,1.4388153,0.087641277,0.35117405,1,0.070116363,0.17528255,0.23603852,0.028319439,0.035117405,0.039830631,18.594942,0.019952623,0.1,0,0,0.014998882,0.047108076,0,0,0.73333333,0.92706179,0.20805827,0,4
p-prefix,base,routing,round_robin,5,13989651325a,0,21222,21222,0,0,0,0,0,32.154545,1.4481522,0.088034756,0.36011749,1,0.07063963,0.17606951,0.24074556,0.028533653,0.036011749,0.040919602,19.32934,0.019952623,0.1,0,0,0.015083858,0.047400491,0,0,0.73333333,0.92648702,0.21255728,0,4
p-prefix,base,routing,round_robin,6,269cb9a0fbe4,0,21023,21023,0,0,0,0,0,31.85303,1.4443062,0.087699138,0.35660706,1,0.070592092,0.17539828,0.23441479,0.028158894,0.035660706,0.040409805,18.998852,0.019952623,0.1,0,0,0.015139769,0.047476379,0,0,0.73333333,0.92809057,0.21107288,0,4
p-prefix,base,routing,round_robin,7,c78a10591b7e,0,20947,20947,0,0,0,0,0,31.737879,1.4364214,0.08765124,0.34877017,1,0.070007768,0.17530248,0.23545146,0.027849028,0.034877017,0.040272803,18.44474,0.019952623,0.1,0,0,0.014965191,0.046607205,0,0,0.73333333,0.92715326,0.20425186,0,4
p-prefix,base,routing,round_robin,8,a39437b7af9f,0,21127,21127,0,0,0,0,0,32.010606,1.4318377,0.087370568,0.34446716,1,0.069727942,0.17474114,0.2335322,0.028048974,0.034446716,0.039139083,18.506476,0.019952623,0.1,0,0,0.014911839,0.046543967,0,0,0.73333333,0.9270376,0.20904915,0,4
p-prefix,base,routing,round_robin,9,4f48773ccdc7,0,21283,21283,0,0,0,0,0,32.24697,1.4376354,0.087630523,0.35000489,1,0.070333107,0.17526105,0.23262718,0.028509536,0.035000489,0.040499922,18.933813,0.019952623,0.1,0,0,0.014965619,0.046762353,0,0,0.73333333,0.9257865,0.21200788,0,4
p-prefix,base,routing,round_robin,10,411717d872d7,0,20927,20927,0,0,0,0,0,31.707576,1.4317913,0.087249737,0.3445416,1,0.069949655,0.17449947,0.23119597,0.027633626,0.03445416,0.038325935,18.106573,0.019952623,0.1,0,0,0.014640492,0.046037294,0,0,0.73333333,0.92829988,0.19991021,0,4
p-prefix,base,routing,round_robin,11,83bdad3ca218,0,21151,21151,0,0,0,0,0,32.04697,1.4398494,0.08754228,0.35230711,1,0.07009085,0.17508456,0.23854082,0.028179374,0.035230711,0.039914494,19.042699,0.019952623,0.1,0,0,0.014926794,0.046664404,0,0,0.73333333,0.92500527,0.20975696,0,4
p-prefix,base,routing,round_robin,12,a11503035545,0,20956,20956,0,0,0,0,0,31.751515,1.4289858,0.086618362,0.34236747,1,0.069278485,0.17323672,0.23319407,0.02764134,0.034236747,0.039319219,17.982324,0.019952623,0.1,0,0,0.014708537,0.046526579,0,0,0.73333333,0.92671407,0.20107745,0,4
p-prefix,base,routing,round_robin,13,c52391743517,0,20954,20954,0,0,0,0,0,31.748485,1.4374956,0.087686983,0.34980857,1,0.070034915,0.17537397,0.23231657,0.027981691,0.034980857,0.039736711,19.154746,0.019952623,0.1,0,0,0.014822994,0.046883254,0,0,0.73333333,0.92806831,0.20807138,0,4
p-prefix,base,routing,round_robin,14,2a3111f492b3,0,20818,20818,0,0,0,0,0,31.542424,1.4308834,0.086690946,0.34419245,1,0.069682299,0.17338189,0.22367403,0.027703955,0.034419245,0.039113986,18.762314,0.019952623,0.1,0,0,0.014489682,0.044380389,0,0,0.73333333,0.92547139,0.2032698,0,4
p-prefix,base,routing,round_robin,15,4788e3082399,0,20919,20919,0,0,0,0,0,31.695455,1.4312908,0.08657259,0.34471819,1,0.069526195,0.17314518,0.23108395,0.027571837,0.034471819,0.039309423,18.454848,0.019952623,0.1,0,0,0.014763665,0.046976041,0,0,0.73333333,0.92856685,0.20383751,0,4
p-prefix,base,routing,round_robin,16,1fe19ff1f6f3,0,21087,21087,0,0,0,0,0,31.95,1.4327126,0.086831761,0.34588081,1,0.069212239,0.17366352,0.23134145,0.027568843,0.034588081,0.039170083,17.899069,0.019952623,0.1,0,0,0.014704439,0.046656714,0,0,0.73333333,0.92342694,0.20034757,0,4
p-prefix,base,routing,round_robin,17,c5f1d16d094e,0,21075,21075,0,0,0,0,0,31.931818,1.4351758,0.087554691,0.34762114,1,0.070203488,0.17510938,0.2323239,0.028150632,0.034762114,0.039297577,18.820521,0.019952623,0.1,0,0,0.014906678,0.046586611,0,0,0.73333333,0.92584215,0.20705353,0,4
p-prefix,base,routing,round_robin,18,a2f58fe73172,0,21149,21149,0,0,0,0,0,32.043939,1.4430641,0.089087566,0.35397649,1,0.071298006,0.17817513,0.24386663,0.028630511,0.035397649,0.039932915,19.263822,0.019952623,0.1,0,0,0.015481551,0.048331071,0,0,0.73333333,0.92649692,0.21461656,0,4
p-prefix,base,routing,round_robin,19,909707b804b6,0,21193,21193,0,0,0,0,0,32.110606,1.4406693,0.088032775,0.35263654,1,0.071088691,0.17606555,0.23811412,0.028508325,0.035263654,0.040537188,18.98568,0.019952623,0.1,0,0,0.015128501,0.04765578,0,0,0.73333333,0.92815978,0.21200005,0,4
p-prefix,base,routing,round_robin,20,08b9a57d7587,0,21177,21177,0,0,0,0,0,32.086364,1.4544871,0.088901632,0.36558546,1,0.071258939,0.17780326,0.24061345,0.028622791,0.036558546,0.041632206,19.593828,0.019952623,0.1,0,0,0.015494395,0.048184946,0,0,0.73333333,0.92568801,0.21519449,0,4
p-prefix,base,routing,least_outstanding,1,a44e25bd2430,0,21193,21193,0,0,0,0,0,32.110606,1.4441895,0.10361457,0.34057496,1,0.080799377,0.20722914,0.27707238,0.027999843,0.034057496,0.038448467,18.605904,0.019952623,0.1,0,0,0.023869046,0.077389288,0,0,0.73333333,0.92677228,0.20538661,0,4
p-prefix,base,routing,least_outstanding,2,8fdfb5773311,0,20992,20992,0,0,0,0,0,31.806061,1.4405666,0.10178516,0.33878141,1,0.080473889,0.20357031,0.27747362,0.027850458,0.033878141,0.038402911,18.319852,0.019952623,0.1,0,0,0.023622907,0.077033004,0,0,0.73333333,0.92563259,0.20383271,0,4
p-prefix,base,routing,least_outstanding,3,cc661438a6e6,0,20892,20892,0,0,0,0,0,31.654545,1.4303769,0.099639331,0.33073754,1,0.078721464,0.19927866,0.26854354,0.02750673,0.033073754,0.037752992,18.73217,0.019952623,0.1,0,0,0.02272792,0.07506637,0,0,0.73333333,0.92586462,0.20116811,0,4
p-prefix,base,routing,least_outstanding,4,48addf9e966f,0,21201,21201,0,0,0,0,0,32.122727,1.4477629,0.10436682,0.34339612,1,0.0806246,0.20873364,0.28846896,0.028078214,0.034339612,0.039109112,18.35178,0.019952623,0.1,0,0,0.024154889,0.078215595,0,0,0.73333333,0.92629953,0.20508224,0,4
p-prefix,base,routing,least_outstanding,5,13989651325a,0,21222,21222,0,0,0,0,0,32.154545,1.4515897,0.10531815,0.34627154,1,0.081458036,0.21063629,0.28291486,0.028238401,0.034627154,0.039568361,18.868231,0.019952623,0.1,0,0,0.024680687,0.079206185,0,0,0.73333333,0.92617007,0.20924094,0,4
p-prefix,base,routing,least_outstanding,6,269cb9a0fbe4,0,21023,21023,0,0,0,0,0,31.85303,1.4486433,0.10325186,0.34539139,1,0.081026435,0.20650373,0.27757311,0.028045213,0.034539139,0.038995784,18.937602,0.019952623,0.1,0,0,0.024134883,0.077435977,0,0,0.73333333,0.92733405,0.20843477,0,4
p-prefix,base,routing,least_outstanding,7,c78a10591b7e,0,20947,20947,0,0,0,0,0,31.737879,1.4520683,0.10418102,0.34788725,1,0.080866333,0.20836204,0.28057687,0.02766776,0.034788725,0.039913433,18.195297,0.019952623,0.1,0,0,0.024054196,0.077386001,0,0,0.73333333,0.92712121,0.20254698,0,4
p-prefix,base,routing,least_outstanding,8,a39437b7af9f,0,21127,21127,0,0,0,0,0,32.010606,1.4387617,0.10302145,0.33574021,1,0.080775392,0.2060429,0.27677344,0.027957687,0.033574021,0.038369669,18.465771,0.019952623,0.1,0,0,0.024158388,0.078227344,0,0,0.73333333,0.92736705,0.207089,0,4
p-prefix,base,routing,least_outstanding,9,4f48773ccdc7,0,21283,21283,0,0,0,0,0,32.24697,1.4448097,0.10421025,0.34059942,1,0.080583708,0.20842049,0.28541715,0.028275614,0.034059942,0.038674532,18.794208,0.019952623,0.1,0,0,0.024299059,0.07833509,0,0,0.73333333,0.92620992,0.20944417,0,4
p-prefix,base,routing,least_outstanding,10,411717d872d7,0,20927,20927,0,0,0,0,0,31.707576,1.4352237,0.10429084,0.33093289,1,0.080659873,0.20858169,0.27337679,0.027357265,0.033093289,0.037920908,17.707877,0.019952623,0.1,0,0,0.023696696,0.077409048,0,0,0.73333333,0.92706125,0.19683496,0,4
p-prefix,base,routing,least_outstanding,11,83bdad3ca218,0,21151,21151,0,0,0,0,0,32.04697,1.4413646,0.10274136,0.33862328,1,0.080611576,0.20548271,0.27497463,0.028086758,0.033862328,0.038395971,18.732559,0.019952623,0.1,0,0,0.023957048,0.078178236,0,0,0.73333333,0.92552072,0.20678244,0,4
p-prefix,base,routing,least_outstanding,12,a11503035545,0,20956,20956,0,0,0,0,0,31.751515,1.4338207,0.10212717,0.33169351,1,0.079611028,0.20425435,0.27280663,0.027477853,0.033169351,0.037715985,17.778746,0.019952623,0.1,0,0,0.023328905,0.07644701,0,0,0.73333333,0.9254462,0.19897975,0,4
p-prefix,base,routing,least_outstanding,13,c52391743517,0,20954,20954,0,0,0,0,0,31.748485,1.4475424,0.10404072,0.34350168,1,0.080756921,0.20808143,0.27307882,0.027984473,0.034350168,0.03918828,19.181447,0.019952623,0.1,0,0,0.023934061,0.078091827,0,0,0.73333333,0.92779553,0.20645124,0,4
p-prefix,base,routing,least_outstanding,14,2a3111f492b3,0,20818,20818,0,0,0,0,0,31.542424,1.4380204,0.10441824,0.33360219,1,0.08042628,0.20883648,0.2769823,0.027484626,0.033360219,0.037899216,18.573597,0.019952623,0.1,0,0,0.024031388,0.078662714,0,0,0.73333333,0.92538382,0.20077921,0,4
p-prefix,base,routing,least_outstanding,15,4788e3082399,0,20919,20919,0,0,0,0,0,31.695455,1.4408804,0.1036236,0.33725678,1,0.079763526,0.20724721,0.2730309,0.027471177,0.033725678,0.038164339,18.330414,0.019952623,0.1,0,0,0.023929364,0.077750256,0,0,0.73333333,0.92733995,0.20206206,0,4
p-prefix,base,routing,least_outstanding,16,1fe19ff1f6f3,0,21087,21087,0,0,0,0,0,31.95,1.4385344,0.10176063,0.3367738,1,0.079836682,0.20352125,0.27340567,0.027505721,0.03367738,0.037929673,17.721502,0.019952623,0.1,0,0,0.023374861,0.076917171,0,0,0.73333333,0.92423965,0.19856997,0,4
p-prefix,base,routing,least_outstanding,17,c5f1d16d094e,0,21075,21075,0,0,0,0,0,31.931818,1.4419808,0.10166962,0.34031122,1,0.080432471,0.20333924,0.27594616,0.027905296,0.034031122,0.038242082,18.640201,0.019952623,0.1,0,0,0.023689247,0.07684175,0,0,0.73333333,0.92558803,0.20427047,0,4
p-prefix,base,routing,least_outstanding,18,a2f58fe73172,0,21149,21149,0,0,0,0,0,32.043939,1.4527548,0.10733969,0.3454151,1,0.081566308,0.21467938,0.28744962,0.028527571,0.03454151,0.039561562,19.019882,0.019952623,0.1,0,0,0.024676534,0.079298277,0,0,0.73333333,0.92603158,0.21183725,0,4
p-prefix,base,routing,least_outstanding,19,909707b804b6,0,21193,21193,0,0,0,0,0,32.110606,1.4538942,0.10449964,0.34939454,1,0.081699578,0.20899927,0.28440998,0.028413172,0.034939454,0.03960513,18.891723,0.019952623,0.1,0,0,0.024541291,0.079167612,0,0,0.73333333,0.92725501,0.21053964,0,4
p-prefix,base,routing,least_outstanding,20,08b9a57d7587,0,21177,21177,0,0,0,0,0,32.086364,1.4604202,0.10489636,0.35552381,1,0.082277494,0.20979272,0.28421876,0.028740614,0.035552381,0.040974337,19.330988,0.019952623,0.1,0,0,0.024546912,0.078489716,0,0,0.73333333,0.92605576,0.21391092,0,4
p-prefix,base,routing,power_of_two,1,a44e25bd2430,0,21193,21193,0,0,0,0,0,32.110606,1.4542752,0.11310422,0.34117097,1,0.083613095,0.22620844,0.30454294,0.02797873,0.034117097,0.039237708,18.593758,0.019952623,0.1,0,0,0.026515691,0.090941025,0,0,0.73333333,0.92618736,0.2055191,0,4
p-prefix,base,routing,power_of_two,2,8fdfb5773311,0,20992,20992,0,0,0,0,0,31.806061,1.4529876,0.11213243,0.34085515,1,0.083918235,0.22426485,0.30461165,0.027791144,0.034085515,0.038525285,18.27334,0.019952623,0.1,0,0,0.026335592,0.088624586,0,0,0.73333333,0.92495961,0.20411728,0,4
p-prefix,base,routing,power_of_two,3,cc661438a6e6,0,20892,20892,0,0,0,0,0,31.654545,1.4457496,0.11342752,0.33232209,1,0.082538287,0.22685505,0.31717961,0.027611833,0.033232209,0.038219318,18.713835,0.019952623,0.1,0,0,0.026386606,0.09042668,0,0,0.73333333,0.92662673,0.20163485,0,4
p-prefix,base,routing,power_of_two,4,48addf9e966f,0,21201,21201,0,0,0,0,0,32.122727,1.4579872,0.11473337,0.34325385,1,0.084568351,0.22946673,0.30543503,0.028124304,0.034325385,0.03917738,18.287501,0.019952623,0.1,0,0,0.026946836,0.092844874,0,0,0.73333333,0.92717039,0.20551125,0,4
p-prefix,base,routing,power_of_two,5,13989651325a,0,21222,21222,0,0,0,0,0,32.154545,1.462141,0.11352566,0.34861539,1,0.084565868,0.22705131,0.31365852,0.028178447,0.034861539,0.039988022,18.926019,0.019952623,0.1,0,0,0.026884254,0.091559857,0,0,0.73333333,0.92596973,0.20947973,0,4
p-prefix,base,routing,power_of_two,6,269cb9a0fbe4,0,21023,21023,0,0,0,0,0,31.85303,1.4611375,0.11441304,0.34672446,1,0.084470407,0.22882608,0.31594305,0.028009934,0.034672446,0.039265012,18.847748,0.019952623,0.1,0,0,0.027363242,0.092790828,0,0,0.73333333,0.92720618,0.2082902,0,4
p-prefix,base,routing,power_of_two,7,c78a10591b7e,0,20947,20947,0,0,0,0,0,31.737879,1.457099,0.11378735,0.34331163,1,0.083339068,0.2275747,0.31675303,0.027542604,0.034331163,0.03951464,18.131057,0.019952623,0.1,0,0,0.026924348,0.091128018,0,0,0.73333333,0.92727802,0.20128913,0,4
p-prefix,base,routing,power_of_two,8,a39437b7af9f,0,21127,21127,0,0,0,0,0,32.010606,1.4468962,0.10891785,0.33797837,1,0.08276183,0.2178357,0.2996924,0.027907149,0.033797837,0.038559031,18.353915,0.019952623,0.1,0,0,0.025667465,0.08648065,0,0,0.73333333,0.92674949,0.20707219,0,4
p-prefix,base,routing,power_of_two,9,4f48773ccdc7,0,21283,21283,0,0,0,0,0,32.24697,1.458,0.11426147,0.34373857,1,0.084250852,0.22852295,0.31039595,0.028221808,0.034373857,0.039314617,18.65278,0.019952623,0.1,0,0,0.027060172,0.092322725,0,0,0.73333333,0.92625577,0.20920208,0,4
p-prefix,base,routing,power_of_two,10,411717d872d7,0,20927,20927,0,0,0,0,0,31.707576,1.4459924,0.113123,0.33286936,1,0.08414349,0.226246,0.3089551,0.027278337,0.033286936,0.037923235,17.699788,0.019952623,0.1,0,0,0.02654265,0.089731933,0,0,0.73333333,0.92771212,0.19659754,0,4
p-prefix,base,routing,power_of_two,11,83bdad3ca218,0,21151,21151,0,0,0,0,0,32.04697,1.4568656,0.11520784,0.34165779,1,0.083899517,0.23041568,0.31464294,0.028147786,0.034165779,0.039251177,18.751232,0.019952623,0.1,0,0,0.027061199,0.092857024,0,0,0.73333333,0.92599645,0.20753783,0,4
p-prefix,base,routing,power_of_two,12,a11503035545,0,20956,20956,0,0,0,0,0,31.751515,1.446041,0.11366602,0.33237501,1,0.082658025,0.22733205,0.31741096,0.027517322,0.033237501,0.038300279,17.747848,0.019952623,0.1,0,0,0.026637978,0.090983879,0,0,0.73333333,0.92562696,0.19871518,0,4
p-prefix,base,routing,power_of_two,13,c52391743517,0,20954,20954,0,0,0,0,0,31.748485,1.450869,0.1119051,0.33896388,1,0.084148819,0.22381019,0.29755256,0.027892487,0.033896388,0.038811578,19.159412,0.019952623,0.1,0,0,0.02627923,0.089161559,0,0,0.73333333,0.92771007,0.20593333,0,4
p-prefix,base,routing,power_of_two,14,2a3111f492b3,0,20818,20818,0,0,0,0,0,31.542424,1.4469228,0.11186786,0.3350549,1,0.083320438,0.22373571,0.30082519,0.027371382,0.03350549,0.038188041,18.593694,0.019952623,0.1,0,0,0.026100218,0.089894212,0,0,0.73333333,0.92357285,0.2006176,0,4
p-prefix,base,routing,power_of_two,15,4788e3082399,0,20919,20919,0,0,0,0,0,31.695455,1.4478978,0.11103955,0.33685829,1,0.083680676,0.2220791,0.30439106,0.027490497,0.033685829,0.038934911,18.268032,0.019952623,0.1,0,0,0.026288896,0.089013463,0,0,0.73333333,0.92649873,0.20189661,0,4
p-prefix,base,routing,power_of_two,16,1fe19ff1f6f3,0,21087,21087,0,0,0,0,0,31.95,1.4484284,0.11262064,0.33580779,1,0.083086907,0.22524127,0.30673774,0.027480449,0.033580779,0.038507702,17.702647,0.019952623,0.1,0,0,0.026436263,0.090174435,0,0,0.73333333,0.92452089,0.1984911,0,4
p-prefix,base,routing,power_of_two,17,c5f1d16d094e,0,21075,21075,0,0,0,0,0,31.931818,1.4567378,0.11387636,0.34286148,1,0.084005899,0.22775272,0.31293668,0.027946868,0.034286148,0.03919111,18.622464,0.019952623,0.1,0,0,0.0268839,0.09046579,0,0,0.73333333,0.92570172,0.20476491,0,4
p-prefix,base,routing,power_of_two,18,a2f58fe73172,0,21149,21149,0,0,0,0,0,32.043939,1.4613635,0.11475117,0.34661231,1,0.084998527,0.22950235,0.31386236,0.028527835,0.034661231,0.039744277,19.108033,0.019952623,0.1,0,0,0.02728597,0.092466534,0,0,0.73333333,0.92646699,0.2120572,0,4
p-prefix,base,routing,power_of_two,19,909707b804b6,0,21193,21193,0,0,0,0,0,32.110606,1.4665169,0.11593908,0.35057785,1,0.084342856,0.23187816,0.32144826,0.028287952,0.035057785,0.040557379,18.749351,0.019952623,0.1,0,0,0.027638066,0.094879562,0,0,0.73333333,0.92817433,0.20993423,0,4
p-prefix,base,routing,power_of_two,20,08b9a57d7587,0,21177,21177,0,0,0,0,0,32.086364,1.4738334,0.11866991,0.35516352,1,0.085244549,0.23733982,0.33367174,0.028592581,0.035516352,0.041283155,19.276678,0.019952623,0.1,0,0,0.02829766,0.099692392,0,0,0.73333333,0.92562777,0.2129867,0,4
p-prefix,base,routing,queue_aware_corrected,1,a44e25bd2430,0,21193,21193,0,0,0,0,0,32.110606,1.4295739,0.087415239,0.34215865,1,0.069660359,0.17483048,0.22898513,0.028005027,0.034215865,0.038496214,18.693339,0.019952623,0.1,0,0,0.014786613,0.046546817,0,0,0.73333333,0.92674778,0.20626469,0,4
p-prefix,base,routing,queue_aware_corrected,2,8fdfb5773311,0,20992,20992,0,0,0,0,0,31.806061,1.4271897,0.087343392,0.33984635,1,0.069592565,0.17468678,0.23462576,0.027906842,0.033984635,0.038581279,18.454487,0.019952623,0.1,0,0,0.014815985,0.046376447,0,0,0.73333333,0.92611373,0.20492934,0,4
p-prefix,base,routing,queue_aware_corrected,3,cc661438a6e6,0,20892,20892,0,0,0,0,0,31.654545,1.4180792,0.086682594,0.33139659,1,0.068936417,0.17336519,0.23604674,0.0274423,0.033139659,0.037675274,18.705965,0.019952623,0.1,0,0,0.014620656,0.046212464,0,0,0.73333333,0.92621148,0.20135698,0,4
p-prefix,base,routing,queue_aware_corrected,4,48addf9e966f,0,21201,21201,0,0,0,0,0,32.122727,1.4348062,0.08794467,0.34686154,1,0.070374898,0.17588934,0.23056072,0.028380202,0.034686154,0.039121088,18.461033,0.019952623,0.1,0,0,0.015045196,0.047391411,0,0,0.73333333,0.9262503,0.20753195,0,4
p-prefix,base,routing,queue_aware_corrected,5,13989651325a,0,21222,21222,0,0,0,0,0,32.154545,1.4374462,0.08743549,0.35001074,1,0.070783598,0.17487098,0.23651123,0.028421701,0.035001074,0.039426807,19.181535,0.019952623,0.1,0,0,0.015205351,0.047864826,0,0,0.73333333,0.92641757,0.21112252,0,4
p-prefix,base,routing,queue_aware_corrected,6,269cb9a0fbe4,0,21023,21023,0,0,0,0,0,31.85303,1.4362635,0.088026711,0.34823682,1,0.07065918,0.17605342,0.23792164,0.028154207,0.034823682,0.039199988,19.010528,0.019952623,0.1,0,0,0.015257401,0.048209093,0,0,0.73333333,0.92750827,0.20969067,0,4
p-prefix,base,routing,queue_aware_corrected,7,c78a10591b7e,0,20947,20947,0,0,0,0,0,31.737879,1.435305,0.087837377,0.34746767,1,0.069797988,0.17567475,0.23872161,0.027708132,0.034746767,0.040124633,18.467933,0.019952623,0.1,0,0,0.015098844,0.047283543,0,0,0.73333333,0.9256721,0.20341413,0,4
p-prefix,base,routing,queue_aware_corrected,8,a39437b7af9f,0,21127,21127,0,0,0,0,0,32.010606,1.4266224,0.087454088,0.33916835,1,0.069891481,0.17490818,0.22756493,0.028096599,0.033916835,0.038548409,18.516396,0.019952623,0.1,0,0,0.015008233,0.047108627,0,0,0.73333333,0.92637868,0.20864282,0,4
p-prefix,base,routing,queue_aware_corrected,9,4f48773ccdc7,0,21283,21283,0,0,0,0,0,32.24697,1.4287535,0.087954337,0.34079916,1,0.070346452,0.17590867,0.2373319,0.028373069,0.034079916,0.038724265,18.79064,0.019952623,0.1,0,0,0.015117364,0.04767315,0,0,0.73333333,0.92645497,0.21038602,0,4
p-prefix,base,routing,queue_aware_corrected,10,411717d872d7,0,20927,20927,0,0,0,0,0,31.707576,1.4189175,0.086818924,0.33209862,1,0.069457665,0.17363785,0.22890338,0.027389491,0.033209862,0.037639173,17.897094,0.019952623,0.1,0,0,0.014808517,0.046795572,0,0,0.73333333,0.92825053,0.19747077,0,4
p-prefix,base,routing,queue_aware_corrected,11,83bdad3ca218,0,21151,21151,0,0,0,0,0,32.04697,1.4285844,0.087830783,0.34075363,1,0.069993219,0.17566157,0.23198488,0.028240177,0.034075363,0.038686917,18.890293,0.019952623,0.1,0,0,0.015215755,0.048342886,0,0,0.73333333,0.92567712,0.20802148,0,4
p-prefix,base,routing,queue_aware_corrected,12,a11503035545,0,20956,20956,0,0,0,0,0,31.751515,1.4210203,0.086633719,0.3343866,1,0.069512774,0.17326744,0.2273182,0.027668872,0.03343866,0.03810153,17.937425,0.019952623,0.1,0,0,0.014715305,0.046266368,0,0,0.73333333,0.92647343,0.20015397,0,4
p-prefix,base,routing,queue_aware_corrected,13,c52391743517,0,20954,20954,0,0,0,0,0,31.748485,1.4313329,0.088067001,0.34326591,1,0.070208602,0.176134,0.23715757,0.028082546,0.034326591,0.039229172,19.258095,0.019952623,0.1,0,0,0.01490571,0.04741003,0,0,0.73333333,0.92747877,0.20769156,0,4
p-prefix,base,routing,queue_aware_corrected,14,2a3111f492b3,0,20818,20818,0,0,0,0,0,31.542424,1.4248049,0.086982702,0.33782222,1,0.069876647,0.1739654,0.22576789,0.027510086,0.033782222,0.038497825,18.73043,0.019952623,0.1,0,0,0.014743355,0.04571953,0,0,0.73333333,0.92425601,0.20181891,0,4
p-prefix,base,routing,queue_aware_corrected,15,4788e3082399,0,20919,20919,0,0,0,0,0,31.695455,1.4240183,0.086452982,0.33756527,1,0.069220966,0.17290596,0.2289955,0.027409101,0.033756527,0.038019035,18.37086,0.019952623,0.1,0,0,0.014799095,0.046646482,0,0,0.73333333,0.92755494,0.20193242,0,4
p-prefix,base,routing,queue_aware_corrected,16,1fe19ff1f6f3,0,21087,21087,0,0,0,0,0,31.95,1.4250375,0.086923028,0.33811448,1,0.069689917,0.17384606,0.22984021,0.027526922,0.033811448,0.037999834,17.837616,0.019952623,0.1,0,0,0.014893218,0.047567031,0,0,0.73333333,0.92437179,0.19914883,0,4
p-prefix,base,routing,queue_aware_corrected,17,c5f1d16d094e,0,21075,21075,0,0,0,0,0,31.931818,1.4314913,0.0873894,0.34410191,1,0.070198047,0.1747788,0.23198844,0.028213649,0.034410191,0.038543347,18.797256,0.019952623,0.1,0,0,0.01507537,0.047798193,0,0,0.73333333,0.92609014,0.20664894,0,4
p-prefix,base,routing,queue_aware_corrected,18,a2f58fe73172,0,21149,21149,0,0,0,0,0,32.043939,1.4337755,0.088380728,0.3453948,1,0.071133187,0.17676146,0.24049687,0.028663239,0.03453948,0.038933546,19.16782,0.019952623,0.1,0,0,0.015507883,0.048465353,0,0,0.73333333,0.92595296,0.21340825,0,4
p-prefix,base,routing,queue_aware_corrected,19,909707b804b6,0,21193,21193,0,0,0,0,0,32.110606,1.4389014,0.087913024,0.35098837,1,0.071153982,0.17582605,0.24306802,0.028375834,0.035098837,0.039674468,19.084472,0.019952623,0.1,0,0,0.015247012,0.047722827,0,0,0.73333333,0.9282246,0.21141171,0,4
p-prefix,base,routing,queue_aware_corrected,20,08b9a57d7587,0,21177,21177,0,0,0,0,0,32.086364,1.4425826,0.089040085,0.35354252,1,0.071187693,0.17808017,0.24088573,0.028543696,0.035354252,0.040663904,19.32456,0.019952623,0.1,0,0,0.015679501,0.049077442,0,0,0.73333333,0.92574203,0.21323914,0,4
p-prefix,base,routing,prefix_affinity,1,a44e25bd2430,0,21193,21193,0,0,0,0,0,32.110606,1.3528422,0.084320844,0.26852134,1,0.058596242,0.16864169,0.23632339,0.021972985,0.026852134,0.030423592,14.676352,0.019952623,0.1,0,0,0.01813776,0.06482939,0,0,0.73333333,0.92483726,0.16211071,0,4
p-prefix,base,routing,prefix_affinity,2,8fdfb5773311,0,20992,20992,0,0,0,0,0,31.806061,1.3508391,0.084725395,0.26611373,1,0.058769477,0.16945079,0.23593776,0.021908436,0.026611373,0.030499277,14.485213,0.019952623,0.1,0,0,0.017913345,0.062870242,0,0,0.73333333,0.92415772,0.16107639,0,4
p-prefix,base,routing,prefix_affinity,3,cc661438a6e6,0,20892,20892,0,0,0,0,0,31.654545,1.3465468,0.08318538,0.26336146,1,0.058000774,0.16637076,0.23473433,0.021718531,0.026336146,0.030211033,14.886358,0.019952623,0.1,0,0,0.017457164,0.060602073,0,0,0.73333333,0.92490298,0.1602615,0,4
p-prefix,base,routing,prefix_affinity,4,48addf9e966f,0,21201,21201,0,0,0,0,0,32.122727,1.3540241,0.0852424,0.26878172,1,0.059403085,0.1704848,0.24011631,0.021983087,0.026878172,0.030935303,14.55074,0.019952623,0.1,0,0,0.018124839,0.063720001,0,0,0.73333333,0.92536026,0.16218966,0,4
p-prefix,base,routing,prefix_affinity,5,13989651325a,0,21222,21222,0,0,0,0,0,32.154545,1.3541901,0.085265916,0.26892423,1,0.058912002,0.17053183,0.24273203,0.022068007,0.026892423,0.030882128,14.874731,0.019952623,0.1,0,0,0.018231702,0.063903838,0,0,0.73333333,0.92336594,0.1643195,0,4
p-prefix,base,routing,prefix_affinity,6,269cb9a0fbe4,0,21023,21023,0,0,0,0,0,31.85303,1.3566467,0.085770331,0.27087633,1,0.059217629,0.17154066,0.24831785,0.022010638,0.027087633,0.030832777,14.944541,0.019952623,0.1,0,0,0.018458367,0.065019501,0,0,0.73333333,0.92696357,0.16435224,0,4
p-prefix,base,routing,prefix_affinity,7,c78a10591b7e,0,20947,20947,0,0,0,0,0,31.737879,1.3532393,0.08578215,0.26745714,1,0.058447522,0.1715643,0.24985169,0.021752722,0.026745714,0.031131189,14.450707,0.019952623,0.1,0,0,0.01836355,0.06449675,0,0,0.73333333,0.9261174,0.15967897,0,4
p-prefix,base,routing,prefix_affinity,8,a39437b7af9f,0,21127,21127,0,0,0,0,0,32.010606,1.3518207,0.085189039,0.26663163,1,0.058672926,0.17037808,0.24292578,0.02213747,0.026663163,0.030323201,14.652317,0.019952623,0.1,0,0,0.018206224,0.063883691,0,0,0.73333333,0.92663072,0.16470238,0,4
p-prefix,base,routing,prefix_affinity,9,4f48773ccdc7,0,21283,21283,0,0,0,0,0,32.24697,1.3545029,0.085858056,0.26864486,1,0.0589387,0.17171611,0.23745873,0.022121033,0.026864486,0.031077672,14.683903,0.019952623,0.1,0,0,0.018164435,0.063801756,0,0,0.73333333,0.92543918,0.16463501,0,4
p-prefix,base,routing,prefix_affinity,10,411717d872d7,0,20927,20927,0,0,0,0,0,31.707576,1.3466359,0.084971698,0.26166416,1,0.057476138,0.1699434,0.23664946,0.021493987,0.026166416,0.029867172,14.012033,0.019952623,0.1,0,0,0.017629186,0.062139096,0,0,0.73333333,0.92705186,0.15540767,0,4
p-prefix,base,routing,prefix_affinity,11,83bdad3ca218,0,21151,21151,0,0,0,0,0,32.04697,1.3499772,0.084348838,0.26562835,1,0.05893092,0.16869768,0.23981882,0.022045584,0.026562835,0.030645689,14.761812,0.019952623,0.1,0,0,0.017960526,0.062677596,0,0,0.73333333,0.92356621,0.16316343,0,4
p-prefix,base,routing,prefix_affinity,12,a11503035545,0,20956,20956,0,0,0,0,0,31.751515,1.3495235,0.085153496,0.26437004,1,0.058310445,0.17030699,0.23769479,0.021789841,0.026437004,0.030540077,14.082241,0.019952623,0.1,0,0,0.017852425,0.063100365,0,0,0.73333333,0.92495869,0.15834941,0,4
p-prefix,base,routing,prefix_affinity,13,c52391743517,0,20954,20954,0,0,0,0,0,31.748485,1.3506346,0.083312898,0.26732169,1,0.058767266,0.1666258,0.23687753,0.022000659,0.026732169,0.030375587,15.182613,0.019952623,0.1,0,0,0.017554244,0.061673965,0,0,0.73333333,0.92517469,0.16331643,0,4
p-prefix,base,routing,prefix_affinity,14,2a3111f492b3,0,20818,20818,0,0,0,0,0,31.542424,1.34817,0.084010313,0.26415966,1,0.058632127,0.16802063,0.23334794,0.021722588,0.026415966,0.030209937,14.756187,0.019952623,0.1,0,0,0.017743323,0.063095621,0,0,0.73333333,0.92375821,0.15931125,0,4
p-prefix,base,routing,prefix_affinity,15,4788e3082399,0,20919,20919,0,0,0,0,0,31.695455,1.3496796,0.083834223,0.26584537,1,0.058849612,0.16766845,0.234405,0.02178636,0.026584537,0.030210081,14.541001,0.019952623,0.1,0,0,0.017906964,0.06313157,0,0,0.73333333,0.92570309,0.16050854,0,4
p-prefix,base,routing,prefix_affinity,16,1fe19ff1f6f3,0,21087,21087,0,0,0,0,0,31.95,1.3524187,0.085264653,0.26715406,1,0.058783395,0.17052931,0.23987991,0.021716115,0.026715406,0.031035898,13.931804,0.019952623,0.1,0,0,0.018110909,0.064509379,0,0,0.73333333,0.92294139,0.15760374,0,4
p-prefix,base,routing,prefix_affinity,17,c5f1d16d094e,0,21075,21075,0,0,0,0,0,31.931818,1.3519774,0.085215468,0.26676197,1,0.059106278,0.17043094,0.24441243,0.021993081,0.026676197,0.030527885,14.638379,0.019952623,0.1,0,0,0.018196095,0.064218938,0,0,0.73333333,0.92475175,0.16185806,0,4
p-prefix,base,routing,prefix_affinity,18,a2f58fe73172,0,21149,21149,0,0,0,0,0,32.043939,1.3581523,0.086495923,0.27165642,1,0.05973049,0.17299185,0.25481654,0.022254182,0.027165642,0.031006721,14.953938,0.019952623,0.1,0,0,0.018867189,0.066233716,0,0,0.73333333,0.92293815,0.16670791,0,4
p-prefix,base,routing,prefix_affinity,19,909707b804b6,0,21193,21193,0,0,0,0,0,32.110606,1.354076,0.085095868,0.26898015,1,0.059122447,0.17019174,0.2442974,0.022051635,0.026898015,0.030834748,14.803266,0.019952623,0.1,0,0,0.018060118,0.063280253,0,0,0.73333333,0.92582469,0.1642593,0,4
p-prefix,base,routing,prefix_affinity,20,08b9a57d7587,0,21177,21177,0,0,0,0,0,32.086364,1.3577478,0.084912374,0.27283538,1,0.059107789,0.16982475,0.24462093,0.022310522,0.027283538,0.031512766,14.979972,0.019952623,0.1,0,0,0.018186838,0.063935685,0,0,0.73333333,0.92504208,0.1664529,0,4
